-- phpMyAdmin SQL Dump
-- version 4.8.0.1
-- https://www.phpmyadmin.net/
--
-- Хост: localhost
-- Время создания: Май 10 2018 г., 21:11
-- Версия сервера: 5.7.14
-- Версия PHP: 7.2.5

SET SQL_MODE = "NO_AUTO_VALUE_ON_ZERO";
SET AUTOCOMMIT = 0;
START TRANSACTION;
SET time_zone = "+00:00";


/*!40101 SET @OLD_CHARACTER_SET_CLIENT=@@CHARACTER_SET_CLIENT */;
/*!40101 SET @OLD_CHARACTER_SET_RESULTS=@@CHARACTER_SET_RESULTS */;
/*!40101 SET @OLD_COLLATION_CONNECTION=@@COLLATION_CONNECTION */;
/*!40101 SET NAMES utf8 */;

--
-- База данных: `otvet`
--

-- --------------------------------------------------------

--
-- Структура таблицы `categories`
--

CREATE TABLE `categories` (
  `id` int(10) UNSIGNED NOT NULL,
  `name` varchar(255) COLLATE utf8_general_ci NOT NULL,
  `active` tinyint(1) NOT NULL,
  `created_at` timestamp NULL DEFAULT NULL,
  `updated_at` timestamp NULL DEFAULT NULL
) ENGINE=InnoDB DEFAULT CHARSET=utf8 COLLATE=utf8_general_ci;

--
-- Дамп данных таблицы `categories`
--

INSERT INTO `categories` (`id`, `name`, `active`, `created_at`, `updated_at`) VALUES
(1, 'Basics', 1, NULL, NULL),
(2, 'Mobile', 1, NULL, NULL),
(3, 'Account', 1, NULL, NULL),
(4, 'Payments', 1, NULL, NULL),
(5, 'Privacy', 1, NULL, NULL),
(6, 'Delivery', 1, NULL, NULL);

-- --------------------------------------------------------

--
-- Структура таблицы `migrations`
--

CREATE TABLE `migrations` (
  `id` int(10) UNSIGNED NOT NULL,
  `migration` varchar(255) COLLATE utf8_general_ci NOT NULL,
  `batch` int(11) NOT NULL
) ENGINE=InnoDB DEFAULT CHARSET=utf8 COLLATE=utf8_general_ci;

--
-- Дамп данных таблицы `migrations`
--

INSERT INTO `migrations` (`id`, `migration`, `batch`) VALUES
(1, '2014_10_12_000000_create_users_table', 1),
(2, '2014_10_12_100000_create_password_resets_table', 1),
(3, '2018_05_07_110502_create_categories_table', 1),
(4, '2018_05_07_110523_create_question_statuses_table', 1),
(5, '2018_05_07_110548_create_questions_table', 1);

-- --------------------------------------------------------

--
-- Структура таблицы `password_resets`
--

CREATE TABLE `password_resets` (
  `email` varchar(255) COLLATE utf8_general_ci NOT NULL,
  `token` varchar(255) COLLATE utf8_general_ci NOT NULL,
  `created_at` timestamp NULL DEFAULT NULL
) ENGINE=InnoDB DEFAULT CHARSET=utf8 COLLATE=utf8_general_ci;

-- --------------------------------------------------------

--
-- Структура таблицы `questions`
--

CREATE TABLE `questions` (
  `id` int(10) UNSIGNED NOT NULL,
  `category_id` int(10) UNSIGNED NOT NULL,
  `question` text COLLATE utf8_general_ci NOT NULL,
  `answer` text COLLATE utf8_general_ci,
  `user_email` varchar(255) COLLATE utf8_general_ci NOT NULL,
  `user_name` varchar(255) COLLATE utf8_general_ci NOT NULL,
  `status_id` int(10) UNSIGNED NOT NULL,
  `created_at` timestamp NULL DEFAULT NULL,
  `updated_at` timestamp NULL DEFAULT NULL
) ENGINE=InnoDB DEFAULT CHARSET=utf8 COLLATE=utf8_general_ci;

--
-- Дамп данных таблицы `questions`
--

INSERT INTO `questions` (`id`, `category_id`, `question`, `answer`, `user_email`, `user_name`, `status_id`, `created_at`, `updated_at`) VALUES
(1, 1, 'How do I change my password?', '<p>Lorem ipsum dolor sit amet, consectetur adipiscing elit. Nos quidem Virtutes sic natae sumus, ut tibi serviremus, aliud negotii nihil habemus. Sed ea mala virtuti magnitudine obruebantur. Sextilio Rufo, cum is rem ad amicos ita deferret, se esse heredem Q. Sed residamus, inquit, si placet. Nihil acciderat ei, quod nollet, nisi quod anulum, quo delectabatur, in mari abiecerat. An ea, quae per vinitorem antea consequebatur, per se ipsa curabit? Intrandum est igitur in rerum naturam et penitus quid ea postulet pervidendum; Duo Reges: constructio interrete. An hoc usque quaque, aliter in vita? Quis est, qui non oderit libidinosam, protervam adolescentiam? </p>\n\n<p>Cur igitur, cum de re conveniat, non malumus usitate loqui? Si enim ita est, vide ne facinus facias, cum mori suadeas. Cur, nisi quod turpis oratio est? Satis est tibi in te, satis in legibus, satis in mediocribus amicitiis praesidii. Quod cum accidisset ut alter alterum necopinato videremus, surrexit statim. Eodem modo is enim tibi nemo dabit, quod, expetendum sit, id esse laudabile. </p>\n\n<p>Quod si ita sit, cur opera philosophiae sit danda nescio. Potius ergo illa dicantur: turpe esse, viri non esse debilitari dolore, frangi, succumbere. Hinc ceteri particulas arripere conati suam quisque videro voluit afferre sententiam. Sextilio Rufo, cum is rem ad amicos ita deferret, se esse heredem Q. Vulgo enim dicitur: Iucundi acti labores, nec male Euripidesconcludam, si potero, Latine; Nunc haec primum fortasse audientis servire debemus. Ex quo, id quod omnes expetunt, beate vivendi ratio inveniri et comparari potest. Quod autem ratione actum est, id officium appellamus. </p>\n\n<p>Nec mihi illud dixeris: Haec enim ipsa mihi sunt voluptati, et erant illa Torquatis. Pungunt quasi aculeis interrogatiunculis angustis, quibus etiam qui assentiuntur nihil commutantur animo et idem abeunt, qui venerant. Quae similitudo in genere etiam humano apparet. Nunc ita separantur, ut disiuncta sint, quo nihil potest esse perversius. Quis non odit sordidos, vanos, leves, futtiles? Quis est tam dissimile homini. Semper enim ex eo, quod maximas partes continet latissimeque funditur, tota res appellatur. </p>\n\n', 'u0SozgvdL6@gmail.com', 'ifJ259JSuS', 2, '2018-05-10 21:07:11', NULL),
(2, 1, 'How do I sign up?', '<p>Lorem ipsum dolor sit amet, consectetur adipiscing elit. Et homini, qui ceteris animantibus plurimum praestat, praecipue a natura nihil datum esse dicemus? Illum mallem levares, quo optimum atque humanissimum virum, Cn. A primo, ut opinor, animantium ortu petitur origo summi boni. Duo Reges: constructio interrete. </p>\n\n<p>Tum ille: Ain tandem? Quid ergo aliud intellegetur nisi uti ne quae pars naturae neglegatur? Si sapiens, ne tum quidem miser, cum ab Oroete, praetore Darei, in crucem actus est. Etsi qui potest intellegi aut cogitari esse aliquod animal, quod se oderit? </p>\n\n<p>Atque haec ita iustitiae propria sunt, ut sint virtutum reliquarum communia. Eam stabilem appellas. Esse enim quam vellet iniquus iustus poterat inpune. Hoc ipsum elegantius poni meliusque potuit. Quodcumque in mentem incideret, et quodcumque tamquam occurreret. Recte, inquit, intellegis. Ut placet, inquit, etsi enim illud erat aptius, aequum cuique concedere. Quis non odit sordidos, vanos, leves, futtiles? </p>\n\n<p>Falli igitur possumus. Gloriosa ostentatio in constituendo summo bono. Servari enim iustitia nisi a forti viro, nisi a sapiente non potest. In eo autem voluptas omnium Latine loquentium more ponitur, cum percipitur ea, quae sensum aliquem moveat, iucunditas. Utilitatis causa amicitia est quaesita. Et non ex maxima parte de tota iudicabis? </p>\n\n', 'PQyTuPFvrB@gmail.com', '9dGnDERC3b', 2, '2018-05-10 21:07:11', NULL),
(3, 1, 'Can I remove a post?', '<p>Lorem ipsum dolor sit amet, consectetur adipiscing elit. Praeteritis, inquit, gaudeo. Nam, ut sint illa vendibiliora, haec uberiora certe sunt. Qui igitur convenit ab alia voluptate dicere naturam proficisci, in alia summum bonum ponere? At cum de plurimis eadem dicit, tum certe de maximis. Longum est enim ad omnia respondere, quae a te dicta sunt. De vacuitate doloris eadem sententia erit. </p>\n\n<p>Erat enim res aperta. Atque ut ceteri dicere existimantur melius quam facere, sic hi mihi videntur facere melius quam dicere. Quid igitur, inquit, eos responsuros putas? Sit, inquam, tam facilis, quam vultis, comparatio voluptatis, quid de dolore dicemus? Igitur neque stultorum quisquam beatus neque sapientium non beatus. Quid in isto egregio tuo officio et tanta fide-sic enim existimo-ad corpus refers? Portenta haec esse dicit, neque ea ratione ullo modo posse vivi; Non igitur de improbo, sed de callido improbo quaerimus, qualis Q. </p>\n\n<p>Ergo illi intellegunt quid Epicurus dicat, ego non intellego? Saepe ab Aristotele, a Theophrasto mirabiliter est laudata per se ipsa rerum scientia; Confecta res esset. Non enim iam stirpis bonum quaeret, sed animalis. Morbo gravissimo affectus, exul, orbus, egens, torqueatur eculeo: quem hunc appellas, Zeno? Summus dolor plures dies manere non potest? </p>\n\n<p>Varietates autem iniurasque fortunae facile veteres philosophorum praeceptis instituta vita superabat. Duo Reges: constructio interrete. Quae enim adhuc protulisti, popularia sunt, ego autem a te elegantiora desidero. Itaque primos congressus copulationesque et consuetudinum instituendarum voluntates fieri propter voluptatem; Solum praeterea formosum, solum liberum, solum civem, stultost; Ergo illi intellegunt quid Epicurus dicat, ego non intellego? </p>\n\n', 'ZRO3MwHEru@gmail.com', 'EmnvT1zDRE', 2, '2018-05-10 21:07:11', NULL),
(4, 1, 'How do reviews work?', '<p>Lorem ipsum dolor sit amet, consectetur adipiscing elit. Eam si varietatem diceres, intellegerem, ut etiam non dicente te intellego; Oratio me istius philosophi non offendit; Primum Theophrasti, Strato, physicum se voluit; Ergo adhuc, quantum equidem intellego, causa non videtur fuisse mutandi nominis. Atque his de rebus et splendida est eorum et illustris oratio. Duo Reges: constructio interrete. Utinam quidem dicerent alium alio beatiorem! Iam ruinas videres. Ne in odium veniam, si amicum destitero tueri. Itaque ne iustitiam quidem recte quis dixerit per se ipsam optabilem, sed quia iucunditatis vel plurimum afferat. Videsne quam sit magna dissensio? Bonum incolumis acies: misera caecitas. Negat enim summo bono afferre incrementum diem. Sin aliud quid voles, postea. </p>\n\n<p>Minime vero istorum quidem, inquit. Ut optime, secundum naturam affectum esse possit. Illum mallem levares, quo optimum atque humanissimum virum, Cn. Cum autem venissemus in Academiae non sine causa nobilitata spatia, solitudo erat ea, quam volueramus. Tum mihi Piso: Quid ergo? </p>\n\n<p>Vulgo enim dicitur: Iucundi acti labores, nec male Euripidesconcludam, si potero, Latine; Tria genera bonorum; Ut proverbia non nulla veriora sint quam vestra dogmata. Utrum igitur tibi litteram videor an totas paginas commovere? Propter nos enim illam, non propter eam nosmet ipsos diligimus. Nullus est igitur cuiusquam dies natalis. Tibi hoc incredibile, quod beatissimum. </p>\n\n<p>Suam denique cuique naturam esse ad vivendum ducem. Quae sunt igitur communia vobis cum antiquis, iis sic utamur quasi concessis; Fieri, inquam, Triari, nullo pacto potest, ut non dicas, quid non probes eius, a quo dissentias. Non igitur de improbo, sed de callido improbo quaerimus, qualis Q. Qualis ista philosophia est, quae non interitum afferat pravitatis, sed sit contenta mediocritate vitiorum? Paulum, cum regem Persem captum adduceret, eodem flumine invectio? Hic, qui utrumque probat, ambobus debuit uti, sicut facit re, neque tamen dividit verbis. </p>\n\n', 'QAxBtYaLxl@gmail.com', 'nkAKj626f4', 2, '2018-05-10 21:07:11', NULL),
(5, 2, 'How does syncing work?', '<p>Lorem ipsum dolor sit amet, consectetur adipiscing elit. Etenim semper illud extra est, quod arte comprehenditur. Primum in nostrane potestate est, quid meminerimus? Nam, ut paulo ante docui, augendae voluptatis finis est doloris omnis amotio. Polycratem Samium felicem appellabant. Utrum igitur tibi litteram videor an totas paginas commovere? Claudii libidini, qui tum erat summo ne imperio, dederetur. In quibus doctissimi illi veteres inesse quiddam caeleste et divinum putaverunt. Duo Reges: constructio interrete. </p>\n\n<p>Quod maxime efficit Theophrasti de beata vita liber, in quo multum admodum fortunae datur. Unum nescio, quo modo possit, si luxuriosus sit, finitas cupiditates habere. Negabat igitur ullam esse artem, quae ipsa a se proficisceretur; Traditur, inquit, ab Epicuro ratio neglegendi doloris. Moriatur, inquit. Quacumque enim ingredimur, in aliqua historia vestigium ponimus. </p>\n\n<p>Istic sum, inquit. Quam illa ardentis amores excitaret sui! Cur tandem? Mihi enim satis est, ipsis non satis. Potius ergo illa dicantur: turpe esse, viri non esse debilitari dolore, frangi, succumbere. Ego quoque, inquit, didicerim libentius si quid attuleris, quam te reprehenderim. Cur id non ita fit? Qui non moveatur et offensione turpitudinis et comprobatione honestatis? Nos commodius agimus. Hoc etsi multimodis reprehendi potest, tamen accipio, quod dant. Bonum liberi: misera orbitas. </p>\n\n<p>Sed ea mala virtuti magnitudine obruebantur. Cur tantas regiones barbarorum pedibus obiit, tot maria transmisit? Si quicquam extra virtutem habeatur in bonis. Ea possunt paria non esse. Quamquam tu hanc copiosiorem etiam soles dicere. An dubium est, quin virtus ita maximam partem optineat in rebus humanis, ut reliquas obruat? Videmusne ut pueri ne verberibus quidem a contemplandis rebus perquirendisque deterreantur? Quis enim potest ea, quae probabilia videantur ei, non probare? Cupiditates non Epicuri divisione finiebat, sed sua satietate. Nec enim, omnes avaritias si aeque avaritias esse dixerimus, sequetur ut etiam aequas esse dicamus. </p>\n\n', '6E1nirtaAl@gmail.com', 'gcIUkgh84p', 2, '2018-05-10 21:07:11', NULL),
(6, 2, 'How do I upload files from my phone or tablet?', '<p>Lorem ipsum dolor sit amet, consectetur adipiscing elit. Iam id ipsum absurdum, maximum malum neglegi. Restinguet citius, si ardentem acceperit. Ipse Epicurus fortasse redderet, ut Sextus Peducaeus, Sex. Nam et complectitur verbis, quod vult, et dicit plane, quod intellegam; Quorum sine causa fieri nihil putandum est. Non enim, si omnia non sequebatur, idcirco non erat ortus illinc. Duo Reges: constructio interrete. Verum hoc idem saepe faciamus. </p>\n\n<p>Si enim ad populum me vocas, eum. Nunc haec primum fortasse audientis servire debemus. Haec para/doca illi, nos admirabilia dicamus. Quodcumque in mentem incideret, et quodcumque tamquam occurreret. Cave putes quicquam esse verius. Simus igitur contenti his. Ergo ita: non posse honeste vivi, nisi honeste vivatur? </p>\n\n<p>Tum Piso: Quoniam igitur aliquid omnes, quid Lucius noster? Isto modo ne improbos quidem, si essent boni viri. Quasi vero, inquit, perpetua oratio rhetorum solum, non etiam philosophorum sit. Esse enim quam vellet iniquus iustus poterat inpune. </p>\n\n<p>Neque enim disputari sine reprehensione nec cum iracundia aut pertinacia recte disputari potest. -delector enim, quamquam te non possum, ut ais, corrumpere, delector, inquam, et familia vestra et nomine. Quae cum ita sint, effectum est nihil esse malum, quod turpe non sit. Duo enim genera quae erant, fecit tria. </p>\n\n', 'S6dkss3Ko8@gmail.com', 'UZayo9VIhx', 2, '2018-05-10 21:07:11', NULL),
(7, 2, 'How do I link to a file or folder?', '<p>Lorem ipsum dolor sit amet, consectetur adipiscing elit. An ea, quae per vinitorem antea consequebatur, per se ipsa curabit? Qualem igitur hominem natura inchoavit? Ne in odium veniam, si amicum destitero tueri. Ita fit beatae vitae domina fortuna, quam Epicurus ait exiguam intervenire sapienti. Ut placet, inquit, etsi enim illud erat aptius, aequum cuique concedere. Quem ad modum quis ambulet, sedeat, qui ductus oris, qui vultus in quoque sit? Cuius quidem, quoniam Stoicus fuit, sententia condemnata mihi videtur esse inanitas ista verborum. Quae animi affectio suum cuique tribuens atque hanc, quam dico. Duo Reges: constructio interrete. Praeteritis, inquit, gaudeo. </p>\n\n<p>Itaque primos congressus copulationesque et consuetudinum instituendarum voluntates fieri propter voluptatem; Nam adhuc, meo fortasse vitio, quid ego quaeram non perspicis. Quid enim possumus hoc agere divinius? Cuius quidem, quoniam Stoicus fuit, sententia condemnata mihi videtur esse inanitas ista verborum. An, partus ancillae sitne in fructu habendus, disseretur inter principes civitatis, P. Nondum autem explanatum satis, erat, quid maxime natura vellet. </p>\n\n<p>Nam si propter voluptatem, quae est ista laus, quae possit e macello peti? Et si in ipsa gubernatione neglegentia est navis eversa, maius est peccatum in auro quam in palea. Non minor, inquit, voluptas percipitur ex vilissimis rebus quam ex pretiosissimis. Haec para/doca illi, nos admirabilia dicamus. Longum est enim ad omnia respondere, quae a te dicta sunt. Themistocles quidem, cum ei Simonides an quis alius artem memoriae polliceretur, Oblivionis, inquit, mallem. Hoc etsi multimodis reprehendi potest, tamen accipio, quod dant. Quod quidem nobis non saepe contingit. Est, ut dicis, inquit; Cur tantas regiones barbarorum pedibus obiit, tot maria transmisit? Quas enim kakaw Graeci appellant, vitia malo quam malitias nominare. </p>\n\n<p>Universa enim illorum ratione cum tota vestra confligendum puto. Ut pompa, ludis atque eius modi spectaculis teneantur ob eamque rem vel famem et sitim perferant? Hic nihil fuit, quod quaereremus. Multa sunt dicta ab antiquis de contemnendis ac despiciendis rebus humanis; Et quod est munus, quod opus sapientiae? Quid, quod homines infima fortuna, nulla spe rerum gerendarum, opifices denique delectantur historia? Qui potest igitur habitare in beata vita summi mali metus? Ut nemo dubitet, eorum omnia officia quo spectare, quid sequi, quid fugere debeant? </p>\n\n', 'ZJp4xb1KPt@gmail.com', 'BFiTwz1KvM', 2, '2018-05-10 21:07:11', NULL),
(8, 3, 'How do I change my password?', '<p>Lorem ipsum dolor sit amet, consectetur adipiscing elit. Facile est hoc cernere in primis puerorum aetatulis. Aut, Pylades cum sis, dices te esse Orestem, ut moriare pro amico? Pauca mutat vel plura sane; Ergo, si semel tristior effectus est, hilara vita amissa est? Sed tamen omne, quod de re bona dilucide dicitur, mihi praeclare dici videtur. Tollitur beneficium, tollitur gratia, quae sunt vincla concordiae. Ita nemo beato beatior. Duo Reges: constructio interrete. An tu me de L. Illa videamus, quae a te de amicitia dicta sunt. Et ais, si una littera commota sit, fore tota ut labet disciplina. </p>\n\n<p>Quae autem natura suae primae institutionis oblita est? Hinc ceteri particulas arripere conati suam quisque videro voluit afferre sententiam. Quid enim est a Chrysippo praetermissum in Stoicis? Ab his oratores, ab his imperatores ac rerum publicarum principes extiterunt. Utrum igitur tibi litteram videor an totas paginas commovere? Octavio fuit, cum illam severitatem in eo filio adhibuit, quem in adoptionem D. </p>\n\n<p>Et hi quidem ita non sola virtute finem bonorum contineri putant, ut rebus tamen omnibus virtutem anteponant; Suo genere perveniant ad extremum; Terram, mihi crede, ea lanx et maria deprimet. An vero, inquit, quisquam potest probare, quod perceptfum, quod. Sed haec ab Antiocho, familiari nostro, dicuntur multo melius et fortius, quam a Stasea dicebantur. </p>\n\n<p>Quae hic rei publicae vulnera inponebat, eadem ille sanabat. Itaque hic ipse iam pridem est reiectus; Si quae forte-possumus. </p>\n\n', 'POCQhgV1tK@gmail.com', '2BNbRRpu4X', 2, '2018-05-10 21:07:11', NULL),
(9, 3, 'How do I delete my account?', '<p>Lorem ipsum dolor sit amet, consectetur adipiscing elit. Philosophi autem in suis lectulis plerumque moriuntur. Solum praeterea formosum, solum liberum, solum civem, stultost; Sed fortuna fortis; Quam tu ponis in verbis, ego positam in re putabam. Duo Reges: constructio interrete. Hanc in motu voluptatem -sic enim has suaves et quasi dulces voluptates appellat-interdum ita extenuat, ut M. Rapior illuc, revocat autem Antiochus, nec est praeterea, quem audiamus. Dolor ergo, id est summum malum, metuetur semper, etiamsi non aderit; Nec vero alia sunt quaerenda contra Carneadeam illam sententiam. </p>\n\n<p>Haec igitur Epicuri non probo, inquam. Aliena dixit in physicis nec ea ipsa, quae tibi probarentur; Quae animi affectio suum cuique tribuens atque hanc, quam dico. Mihi quidem Antiochum, quem audis, satis belle videris attendere. Id enim natura desiderat. Piso, familiaris noster, et alia multa et hoc loco Stoicos irridebat: Quid enim? Non autem hoc: igitur ne illud quidem. Quo tandem modo? </p>\n\n<p>Sit hoc ultimum bonorum, quod nunc a me defenditur; Et harum quidem rerum facilis est et expedita distinctio. Tibi hoc incredibile, quod beatissimum. Ergo omni animali illud, quod appetiti positum est in eo, quod naturae est accommodatum. Illa tamen simplicia, vestra versuta. </p>\n\n<p>Ratio quidem vestra sic cogit. Vidit Homerus probari fabulam non posse, si cantiunculis tantus irretitus vir teneretur; Sed quanta sit alias, nunc tantum possitne esse tanta. Quia nec honesto quic quam honestius nec turpi turpius. Propter nos enim illam, non propter eam nosmet ipsos diligimus. Vulgo enim dicitur: Iucundi acti labores, nec male Euripidesconcludam, si potero, Latine; Illi enim inter se dissentiunt. Scripta sane et multa et polita, sed nescio quo pacto auctoritatem oratio non habet. Quis animo aequo videt eum, quem inpure ac flagitiose putet vivere? Vidit Homerus probari fabulam non posse, si cantiunculis tantus irretitus vir teneretur; </p>\n\n', 'ClTocFKWrK@gmail.com', 'xmUxGTEKyQ', 2, '2018-05-10 21:07:11', NULL),
(10, 3, 'How do I change my account settings?', '<p>Lorem ipsum dolor sit amet, consectetur adipiscing elit. Dat enim intervalla et relaxat. Hoc ille tuus non vult omnibusque ex rebus voluptatem quasi mercedem exigit. Erat enim Polemonis. Itaque ad tempus ad Pisonem omnes. Quae diligentissime contra Aristonem dicuntur a Chryippo. Istam voluptatem perpetuam quis potest praestare sapienti? </p>\n\n<p>Illis videtur, qui illud non dubitant bonum dicere -; An vero, inquit, quisquam potest probare, quod perceptfum, quod. In eo enim positum est id, quod dicimus esse expetendum. Ergo in utroque exercebantur, eaque disciplina effecit tantam illorum utroque in genere dicendi copiam. Tum Piso: Atqui, Cicero, inquit, ista studia, si ad imitandos summos viros spectant, ingeniosorum sunt; </p>\n\n<p>Unum est sine dolore esse, alterum cum voluptate. Ego vero isti, inquam, permitto. Sed tamen enitar et, si minus multa mihi occurrent, non fugiam ista popularia. Qui autem de summo bono dissentit de tota philosophiae ratione dissentit. An vero, inquit, quisquam potest probare, quod perceptfum, quod. Sed quid minus probandum quam esse aliquem beatum nec satis beatum? Bonum valitudo: miser morbus. Hinc ceteri particulas arripere conati suam quisque videro voluit afferre sententiam. Quid autem habent admirationis, cum prope accesseris? Nummus in Croesi divitiis obscuratur, pars est tamen divitiarum. </p>\n\n<p>Duo Reges: constructio interrete. Quodsi ipsam honestatem undique pertectam atque absolutam. Erat enim res aperta. Negat esse eam, inquit, propter se expetendam. Qui enim existimabit posse se miserum esse beatus non erit. Tecum optime, deinde etiam cum mediocri amico. </p>\n\n', 'fArcsFcSLX@gmail.com', '0mstFyflrd', 2, '2018-05-10 21:07:11', NULL),
(11, 3, 'I forgot my password. How do I reset it?', '<p>Lorem ipsum dolor sit amet, consectetur adipiscing elit. Ita relinquet duas, de quibus etiam atque etiam consideret. Tecum optime, deinde etiam cum mediocri amico. Sed quanta sit alias, nunc tantum possitne esse tanta. Incommoda autem et commoda-ita enim estmata et dustmata appello-communia esse voluerunt, paria noluerunt. </p>\n\n<p>Non est enim vitium in oratione solum, sed etiam in moribus. Bona autem corporis huic sunt, quod posterius posui, similiora. Hoc est dicere: Non reprehenderem asotos, si non essent asoti. Egone non intellego, quid sit don Graece, Latine voluptas? </p>\n\n<p>Qua tu etiam inprudens utebare non numquam. Ut placet, inquit, etsi enim illud erat aptius, aequum cuique concedere. Duo Reges: constructio interrete. At iste non dolendi status non vocatur voluptas. Animi enim quoque dolores percipiet omnibus partibus maiores quam corporis. Nihilo beatiorem esse Metellum quam Regulum. Et nemo nimium beatus est; Roges enim Aristonem, bonane ei videantur haec: vacuitas doloris, divitiae, valitudo; Qua ex cognitione facilior facta est investigatio rerum occultissimarum. Si enim ad populum me vocas, eum. Utinam quidem dicerent alium alio beatiorem! Iam ruinas videres. Quid ad utilitatem tantae pecuniae? </p>\n\n<p>Huic mori optimum esse propter desperationem sapientiae, illi propter spem vivere. An me, inquam, nisi te audire vellem, censes haec dicturum fuisse? Estne, quaeso, inquam, sitienti in bibendo voluptas? Haec bene dicuntur, nec ego repugno, sed inter sese ipsa pugnant. In omni enim arte vel studio vel quavis scientia vel in ipsa virtute optimum quidque rarissimum est. Alterum significari idem, ut si diceretur, officia media omnia aut pleraque servantem vivere. Nunc ita separantur, ut disiuncta sint, quo nihil potest esse perversius. Sed erat aequius Triarium aliquid de dissensione nostra iudicare. Inquit, dasne adolescenti veniam? Hoc loco tenere se Triarius non potuit. Suam denique cuique naturam esse ad vivendum ducem. Duae sunt enim res quoque, ne tu verba solum putes. </p>\n\n', 'tGrGAFioJX@gmail.com', 'pj4MO82d1v', 2, '2018-05-10 21:07:11', NULL),
(12, 4, 'Can I have an invoice for my subscription?', '<p>Lorem ipsum dolor sit amet, consectetur adipiscing elit. Sint modo partes vitae beatae. Si mala non sunt, iacet omnis ratio Peripateticorum. Hos contra singulos dici est melius. Quid, quod homines infima fortuna, nulla spe rerum gerendarum, opifices denique delectantur historia? Non quam nostram quidem, inquit Pomponius iocans; Quid turpius quam sapientis vitam ex insipientium sermone pendere? Duo Reges: constructio interrete. Deinde dolorem quem maximum? </p>\n\n<p>Poterat autem inpune; Ut necesse sit omnium rerum, quae natura vigeant, similem esse finem, non eundem. Hinc ceteri particulas arripere conati suam quisque videro voluit afferre sententiam. Egone non intellego, quid sit don Graece, Latine voluptas? Si mala non sunt, iacet omnis ratio Peripateticorum. Et quod est munus, quod opus sapientiae? Num igitur eum postea censes anxio animo aut sollicito fuisse? Verum hoc idem saepe faciamus. Non enim iam stirpis bonum quaeret, sed animalis. </p>\n\n<p>Res enim se praeclare habebat, et quidem in utraque parte. Sic, et quidem diligentius saepiusque ista loquemur inter nos agemusque communiter. Sed ut iis bonis erigimur, quae expectamus, sic laetamur iis, quae recordamur. Nam memini etiam quae nolo, oblivisci non possum quae volo. Iam in altera philosophiae parte. </p>\n\n<p>Unum est sine dolore esse, alterum cum voluptate. Sed tamen omne, quod de re bona dilucide dicitur, mihi praeclare dici videtur. Familiares nostros, credo, Sironem dicis et Philodemum, cum optimos viros, tum homines doctissimos. Sed nonne merninisti licere mihi ista probare, quae sunt a te dicta? Tubulum fuisse, qua illum, cuius is condemnatus est rogatione, P. Eaedem res maneant alio modo. </p>\n\n', 'YpP5qWHIWI@gmail.com', 'nz23cJY5gq', 2, '2018-05-10 21:07:11', NULL),
(13, 4, 'Why did my credit card or PayPal payment fail?', '<p>Lorem ipsum dolor sit amet, consectetur adipiscing elit. Quae qui non vident, nihil umquam magnum ac cognitione dignum amaverunt. Roges enim Aristonem, bonane ei videantur haec: vacuitas doloris, divitiae, valitudo; Facile est hoc cernere in primis puerorum aetatulis. Et quidem Arcesilas tuus, etsi fuit in disserendo pertinacior, tamen noster fuit; Qui autem esse poteris, nisi te amor ipse ceperit? Indicant pueri, in quibus ut in speculis natura cernitur. Tertium autem omnibus aut maximis rebus iis, quae secundum naturam sint, fruentem vivere. Duo Reges: constructio interrete. Qui autem de summo bono dissentit de tota philosophiae ratione dissentit. </p>\n\n<p>Certe non potest. Id enim volumus, id contendimus, ut officii fructus sit ipsum officium. Quamquam in hac divisione rem ipsam prorsus probo, elegantiam desidero. Si quidem, inquit, tollerem, sed relinquo. Quid sequatur, quid repugnet, vident. Quibus ego vehementer assentior. </p>\n\n<p>Bonum liberi: misera orbitas. Quaesita enim virtus est, non quae relinqueret naturam, sed quae tueretur. Ego vero volo in virtute vim esse quam maximam; Quare conare, quaeso. </p>\n\n<p>Expressa vero in iis aetatibus, quae iam confirmatae sunt. Nec tamen ille erat sapiens quis enim hoc aut quando aut ubi aut unde? Hoc tu nunc in illo probas. Age, inquies, ista parva sunt. Idque testamento cavebit is, qui nobis quasi oraculum ediderit nihil post mortem ad nos pertinere? Quod autem satis est, eo quicquid accessit, nimium est; </p>\n\n', 'PdZ2vjeFMs@gmail.com', 'iU850fmeRl', 2, '2018-05-10 21:07:11', NULL),
(14, 4, 'Why does my bank statement show multiple charges for one upgrade?', '<p>Lorem ipsum dolor sit amet, consectetur adipiscing elit. Quis Aristidem non mortuum diligit? Sed nimis multa. Quid enim de amicitia statueris utilitatis causa expetenda vides. Ergo, inquit, tibi Q. Duo Reges: constructio interrete. </p>\n\n<p>Quamquam tu hanc copiosiorem etiam soles dicere. Et si in ipsa gubernatione neglegentia est navis eversa, maius est peccatum in auro quam in palea. Hoc dixerit potius Ennius: Nimium boni est, cui nihil est mali. Polycratem Samium felicem appellabant. Itaque ad tempus ad Pisonem omnes. Quid ergo? </p>\n\n<p>Sin kakan malitiam dixisses, ad aliud nos unum certum vitium consuetudo Latina traduceret. Nam prius a se poterit quisque discedere quam appetitum earum rerum, quae sibi conducant, amittere. Licet hic rursus ea commemores, quae optimis verbis ab Epicuro de laude amicitiae dicta sunt. </p>\n\n<p>Alterum significari idem, ut si diceretur, officia media omnia aut pleraque servantem vivere. In schola desinis. Non enim, si omnia non sequebatur, idcirco non erat ortus illinc. Quid, si etiam iucunda memoria est praeteritorum malorum? Esse enim quam vellet iniquus iustus poterat inpune. Hoc tu nunc in illo probas. Multoque hoc melius nos veriusque quam Stoici. Nam, ut sint illa vendibiliora, haec uberiora certe sunt. Neque enim civitas in seditione beata esse potest nec in discordia dominorum domus; </p>\n\n', '3miwYcT1jd@gmail.com', 'dJsmE2GK57', 2, '2018-05-10 21:07:11', NULL),
(15, 5, 'Can I specify my own private key?', '<p>Lorem ipsum dolor sit amet, consectetur adipiscing elit. Aliud igitur esse censet gaudere, aliud non dolere. Negat enim summo bono afferre incrementum diem. Nunc omni virtuti vitium contrario nomine opponitur. Quod autem meum munus dicis non equidem recuso, sed te adiungo socium. Quid enim est a Chrysippo praetermissum in Stoicis? Graecis hoc modicum est: Leonidas, Epaminondas, tres aliqui aut quattuor; Ut necesse sit omnium rerum, quae natura vigeant, similem esse finem, non eundem. Duo Reges: constructio interrete. </p>\n\n<p>Unum est sine dolore esse, alterum cum voluptate. Inquit, an parum disserui non verbis Stoicos a Peripateticis, sed universa re et tota sententia dissidere? Quid est enim aliud esse versutum? Quod autem meum munus dicis non equidem recuso, sed te adiungo socium. Ut aliquid scire se gaudeant? Animi enim quoque dolores percipiet omnibus partibus maiores quam corporis. Ita fit beatae vitae domina fortuna, quam Epicurus ait exiguam intervenire sapienti. Primum in nostrane potestate est, quid meminerimus? Theophrasti igitur, inquit, tibi liber ille placet de beata vita? </p>\n\n<p>Ita redarguitur ipse a sese, convincunturque scripta eius probitate ipsius ac moribus. Atqui eorum nihil est eius generis, ut sit in fine atque extrerno bonorum. At ille pellit, qui permulcet sensum voluptate. In qua si nihil est praeter rationem, sit in una virtute finis bonorum; Color egregius, integra valitudo, summa gratia, vita denique conferta voluptatum omnium varietate. Inde sermone vario sex illa a Dipylo stadia confecimus. </p>\n\n<p>An dolor longissimus quisque miserrimus, voluptatem non optabiliorem diuturnitas facit? Quae in controversiam veniunt, de iis, si placet, disseramus. Plane idem, inquit, et maxima quidem, qua fieri nulla maior potest. Aliter homines, aliter philosophos loqui putas oportere? Scio enim esse quosdam, qui quavis lingua philosophari possint; Quo plebiscito decreta a senatu est consuli quaestio Cn. </p>\n\n', 'MsSovxaa8n@gmail.com', 'v4ZlCKtL6P', 2, '2018-05-10 21:07:11', NULL),
(16, 5, 'My files are missing! How do I get them back?', '<p>Lorem ipsum dolor sit amet, consectetur adipiscing elit. Sin laboramus, quis est, qui alienae modum statuat industriae? Cave putes quicquam esse verius. At ego quem huic anteponam non audeo dicere; Nam quibus rebus efficiuntur voluptates, eae non sunt in potestate sapientis. Praeclare enim Plato: Beatum, cui etiam in senectute contigerit, ut sapientiam verasque opiniones assequi possit. Si qua in iis corrigere voluit, deteriora fecit. </p>\n\n<p>Utinam quidem dicerent alium alio beatiorem! Iam ruinas videres. Atqui eorum nihil est eius generis, ut sit in fine atque extrerno bonorum. Longum est enim ad omnia respondere, quae a te dicta sunt. Atqui reperies, inquit, in hoc quidem pertinacem; Deque his rebus satis multa in nostris de re publica libris sunt dicta a Laelio. Ut proverbia non nulla veriora sint quam vestra dogmata. </p>\n\n<p>Duo Reges: constructio interrete. Sed fac ista esse non inportuna; Primum in nostrane potestate est, quid meminerimus? Sed quid minus probandum quam esse aliquem beatum nec satis beatum? Cum autem negant ea quicquam ad beatam vitam pertinere, rursus naturam relinquunt. Quis non odit sordidos, vanos, leves, futtiles? Sed ego in hoc resisto; Ut id aliis narrare gestiant? </p>\n\n<p>Res enim concurrent contrariae. Hoc loco tenere se Triarius non potuit. Quid est, quod ab ea absolvi et perfici debeat? </p>\n\n', 'u41Rc9UxTc@gmail.com', 'RKnjAUymJi', 2, '2018-05-10 21:07:11', NULL),
(17, 5, 'How can I access my account data?', '<p>Lorem ipsum dolor sit amet, consectetur adipiscing elit. Tu autem negas fortem esse quemquam posse, qui dolorem malum putet. Incommoda autem et commoda-ita enim estmata et dustmata appello-communia esse voluerunt, paria noluerunt. Itaque primos congressus copulationesque et consuetudinum instituendarum voluntates fieri propter voluptatem; Confecta res esset. Inscite autem medicinae et gubernationis ultimum cum ultimo sapientiae comparatur. Duo Reges: constructio interrete. Quaesita enim virtus est, non quae relinqueret naturam, sed quae tueretur. Quodcumque in mentem incideret, et quodcumque tamquam occurreret. Sed ad illum redeo. Audeo dicere, inquit. </p>\n\n<p>Quem Tiberina descensio festo illo die tanto gaudio affecit, quanto L. Videmusne ut pueri ne verberibus quidem a contemplandis rebus perquirendisque deterreantur? Unum est sine dolore esse, alterum cum voluptate. Quod autem satis est, eo quicquid accessit, nimium est; Nobis Heracleotes ille Dionysius flagitiose descivisse videtur a Stoicis propter oculorum dolorem. Sed nimis multa. </p>\n\n<p>Addebat etiam se in legem Voconiam iuratum contra eam facere non audere, nisi aliter amicis videretur. Sextilio Rufo, cum is rem ad amicos ita deferret, se esse heredem Q. Quare attende, quaeso. Quod quidem iam fit etiam in Academia. Videmus igitur ut conquiescere ne infantes quidem possint. Sed id ne cogitari quidem potest quale sit, ut non repugnet ipsum sibi. Negat enim summo bono afferre incrementum diem. Quae quidem vel cum periculo est quaerenda vobis; </p>\n\n<p>Ea possunt paria non esse. Sed ego in hoc resisto; Potius ergo illa dicantur: turpe esse, viri non esse debilitari dolore, frangi, succumbere. Ab hoc autem quaedam non melius quam veteres, quaedam omnino relicta. Unum est sine dolore esse, alterum cum voluptate. Quae quidem vel cum periculo est quaerenda vobis; Fortitudinis quaedam praecepta sunt ac paene leges, quae effeminari virum vetant in dolore. Videsne, ut haec concinant? Quid autem habent admirationis, cum prope accesseris? Legimus tamen Diogenem, Antipatrum, Mnesarchum, Panaetium, multos alios in primisque familiarem nostrum Posidonium. </p>\n\n', 'LlAtQrRQwk@gmail.com', 'IuDWtuoFkH', 2, '2018-05-10 21:07:11', NULL),
(18, 5, 'How can I control if other search engines can link to my profile?', '<p>Lorem ipsum dolor sit amet, consectetur adipiscing elit. Quid, quod res alia tota est? Nam memini etiam quae nolo, oblivisci non possum quae volo. Hoc Hieronymus summum bonum esse dixit. Aeque enim contingit omnibus fidibus, ut incontentae sint. </p>\n\n<p>Quo plebiscito decreta a senatu est consuli quaestio Cn. Igitur neque stultorum quisquam beatus neque sapientium non beatus. Quae ista amicitia est? Tu autem inter haec tantam multitudinem hominum interiectam non vides nec laetantium nec dolentium? Quamquam id quidem, infinitum est in hac urbe; Quo tandem modo? Quod idem cum vestri faciant, non satis magnam tribuunt inventoribus gratiam. </p>\n\n<p>Utinam quidem dicerent alium alio beatiorem! Iam ruinas videres. An eiusdem modi? An hoc usque quaque, aliter in vita? Memini me adesse P. </p>\n\n<p>Sed fac ista esse non inportuna; Duo Reges: constructio interrete. Respondent extrema primis, media utrisque, omnia omnibus. Expectoque quid ad id, quod quaerebam, respondeas. </p>\n\n', 'le3jiJgF3a@gmail.com', 'GT3OpMGenS', 2, '2018-05-10 21:07:11', NULL),
(19, 6, 'What should I do if my order hasn\'t been delivered yet?', '<p>Lorem ipsum dolor sit amet, consectetur adipiscing elit. Qui-vere falsone, quaerere mittimus-dicitur oculis se privasse; Nam aliquando posse recte fieri dicunt nulla expectata nec quaesita voluptate. Huius ego nunc auctoritatem sequens idem faciam. Duo Reges: constructio interrete. Legimus tamen Diogenem, Antipatrum, Mnesarchum, Panaetium, multos alios in primisque familiarem nostrum Posidonium. Quare hoc videndum est, possitne nobis hoc ratio philosophorum dare. Videsne ut, quibus summa est in voluptate, perspicuum sit quid iis faciendum sit aut non faciendum? Illa sunt similia: hebes acies est cuipiam oculorum, corpore alius senescit; </p>\n\n<p>Nemo igitur esse beatus potest. Expectoque quid ad id, quod quaerebam, respondeas. Laboro autem non sine causa; A mene tu? Sed ne, dum huic obsequor, vobis molestus sim. An vero, inquit, quisquam potest probare, quod perceptfum, quod. Quis istum dolorem timet? Atque ut ceteri dicere existimantur melius quam facere, sic hi mihi videntur facere melius quam dicere. Ut necesse sit omnium rerum, quae natura vigeant, similem esse finem, non eundem. Non pugnem cum homine, cur tantum habeat in natura boni; </p>\n\n<p>Color egregius, integra valitudo, summa gratia, vita denique conferta voluptatum omnium varietate. Ita ne hoc quidem modo paria peccata sunt. Primum cur ista res digna odio est, nisi quod est turpis? Causa autem fuit huc veniendi ut quosdam hinc libros promerem. Si enim ita est, vide ne facinus facias, cum mori suadeas. Graecis hoc modicum est: Leonidas, Epaminondas, tres aliqui aut quattuor; </p>\n\n<p>Itaque nostrum est-quod nostrum dico, artis est-ad ea principia, quae accepimus. Et quod est munus, quod opus sapientiae? Non quam nostram quidem, inquit Pomponius iocans; Sic enim maiores nostri labores non fugiendos tristissimo tamen verbo aerumnas etiam in deo nominaverunt. Placet igitur tibi, Cato, cum res sumpseris non concessas, ex illis efficere, quod velis? Si autem id non concedatur, non continuo vita beata tollitur. </p>\n\n', 'UABJcV3MfE@gmail.com', 'C8RbL579K9', 2, '2018-05-10 21:07:11', NULL),
(20, 6, 'How can I find your international delivery information?', '<p>Lorem ipsum dolor sit amet, consectetur adipiscing elit. Traditur, inquit, ab Epicuro ratio neglegendi doloris. Sic enim censent, oportunitatis esse beate vivere. Illa tamen simplicia, vestra versuta. Tum Quintus: Est plane, Piso, ut dicis, inquit. Duo Reges: constructio interrete. Nulla profecto est, quin suam vim retineat a primo ad extremum. Sed tamen intellego quid velit. </p>\n\n<p>An ea, quae per vinitorem antea consequebatur, per se ipsa curabit? Consequens enim est et post oritur, ut dixi. Ac tamen hic mallet non dolere. Conclusum est enim contra Cyrenaicos satis acute, nihil ad Epicurum. Expectoque quid ad id, quod quaerebam, respondeas. At ego quem huic anteponam non audeo dicere; </p>\n\n<p>Atqui iste locus est, Piso, tibi etiam atque etiam confirmandus, inquam; Quamquam haec quidem praeposita recte et reiecta dicere licebit. Sed quoniam et advesperascit et mihi ad villam revertendum est, nunc quidem hactenus; Quare conare, quaeso. Cum ageremus, inquit, vitae beatum et eundem supremum diem, scribebamus haec. Omnia contraria, quos etiam insanos esse vultis. Non est ista, inquam, Piso, magna dissensio. Videamus animi partes, quarum est conspectus illustrior; </p>\n\n<p>Sed ea mala virtuti magnitudine obruebantur. Quae quo sunt excelsiores, eo dant clariora indicia naturae. Sine ea igitur iucunde negat posse se vivere? Quo modo autem optimum, si bonum praeterea nullum est? Honesta oratio, Socratica, Platonis etiam. </p>\n\n', 'oanWYeKIoI@gmail.com', 'zYgMKLrdGa', 2, '2018-05-10 21:07:11', NULL),
(21, 6, 'Who takes care of shipping?', '<p>Lorem ipsum dolor sit amet, consectetur adipiscing elit. At, illa, ut vobis placet, partem quandam tuetur, reliquam deserit. Ita enim vivunt quidam, ut eorum vita refellatur oratio. Quae qui non vident, nihil umquam magnum ac cognitione dignum amaverunt. Sin laboramus, quis est, qui alienae modum statuat industriae? Cur, nisi quod turpis oratio est? </p>\n\n<p>Invidiosum nomen est, infame, suspectum. Videsne, ut haec concinant? </p>\n\n<p>Mihi, inquam, qui te id ipsum rogavi? Duo Reges: constructio interrete. </p>\n\n<p>Non enim, si omnia non sequebatur, idcirco non erat ortus illinc. Ut enim consuetudo loquitur, id solum dicitur honestum, quod est populari fama gloriosum. Quicquid porro animo cernimus, id omne oritur a sensibus; Quae quidem sapientes sequuntur duce natura tamquam videntes; Quod autem ratione actum est, id officium appellamus. An hoc usque quaque, aliter in vita? </p>\n\n', 'Z3sr3ReAXu@gmail.com', 'WkQZkoUiZq', 2, '2018-05-10 21:07:11', NULL),
(22, 6, 'How do returns or refunds work?', '<p>Lorem ipsum dolor sit amet, consectetur adipiscing elit. Quid ait Aristoteles reliquique Platonis alumni? Sin kakan malitiam dixisses, ad aliud nos unum certum vitium consuetudo Latina traduceret. Nunc haec primum fortasse audientis servire debemus. Quae in controversiam veniunt, de iis, si placet, disseramus. Duo Reges: constructio interrete. Quantum Aristoxeni ingenium consumptum videmus in musicis? Quis hoc dicit? Cui Tubuli nomen odio non est? </p>\n\n<p>At quicum ioca seria, ut dicitur, quicum arcana, quicum occulta omnia? Nihil acciderat ei, quod nollet, nisi quod anulum, quo delectabatur, in mari abiecerat. Nunc omni virtuti vitium contrario nomine opponitur. </p>\n\n<p>Hoc dixerit potius Ennius: Nimium boni est, cui nihil est mali. Ad corpus diceres pertinere-, sed ea, quae dixi, ad corpusne refers? Aliam vero vim voluptatis esse, aliam nihil dolendi, nisi valde pertinax fueris, concedas necesse est. Quae quo sunt excelsiores, eo dant clariora indicia naturae. Minime vero istorum quidem, inquit. Quid enim est a Chrysippo praetermissum in Stoicis? An vero, inquit, quisquam potest probare, quod perceptfum, quod. Vitiosum est enim in dividendo partem in genere numerare. </p>\n\n<p>Theophrastus mediocriterne delectat, cum tractat locos ab Aristotele ante tractatos? Sed nonne merninisti licere mihi ista probare, quae sunt a te dicta? Ab hoc autem quaedam non melius quam veteres, quaedam omnino relicta. Et harum quidem rerum facilis est et expedita distinctio. Quod idem cum vestri faciant, non satis magnam tribuunt inventoribus gratiam. Nullum inveniri verbum potest quod magis idem declaret Latine, quod Graece, quam declarat voluptas. </p>\n\n', 'cJnpiVek4x@gmail.com', '4JIfuakzYH', 2, '2018-05-10 21:07:11', NULL),
(23, 6, 'How do I use shipping profiles?', '<p>Lorem ipsum dolor sit amet, consectetur adipiscing elit. Aliena dixit in physicis nec ea ipsa, quae tibi probarentur; Quae duo sunt, unum facit. Quia voluptatem hanc esse sentiunt omnes, quam sensus accipiens movetur et iucunditate quadam perfunditur. Progredientibus autem aetatibus sensim tardeve potius quasi nosmet ipsos cognoscimus. At quicum ioca seria, ut dicitur, quicum arcana, quicum occulta omnia? Negat esse eam, inquit, propter se expetendam. </p>\n\n<p>Quod non faceret, si in voluptate summum bonum poneret. Duo Reges: constructio interrete. Sed haec ab Antiocho, familiari nostro, dicuntur multo melius et fortius, quam a Stasea dicebantur. Et si turpitudinem fugimus in statu et motu corporis, quid est cur pulchritudinem non sequamur? Quae cum magnifice primo dici viderentur, considerata minus probabantur. Illa tamen simplicia, vestra versuta. Quia, si mala sunt, is, qui erit in iis, beatus non erit. Tu enim ista lenius, hic Stoicorum more nos vexat. At ille non pertimuit saneque fidenter: Istis quidem ipsis verbis, inquit; Cur, nisi quod turpis oratio est? </p>\n\n<p>Intellegi quidem, ut propter aliam quampiam rem, verbi gratia propter voluptatem, nos amemus; Nunc de hominis summo bono quaeritur; </p>\n\n<p>Sin dicit obscurari quaedam nec apparere, quia valde parva sint, nos quoque concedimus; An eum discere ea mavis, quae cum plane perdidiceriti nihil sciat? Nihil acciderat ei, quod nollet, nisi quod anulum, quo delectabatur, in mari abiecerat. Facit enim ille duo seiuncta ultima bonorum, quae ut essent vera, coniungi debuerunt; Hanc ergo intuens debet institutum illud quasi signum absolvere. Ab his oratores, ab his imperatores ac rerum publicarum principes extiterunt. An eum discere ea mavis, quae cum plane perdidiceriti nihil sciat? Gerendus est mos, modo recte sentiat. Poterat autem inpune; </p>\n\n', '7Fr8HDPCJs@gmail.com', 'QMv9mpUiAn', 2, '2018-05-10 21:07:11', NULL),
(24, 6, 'How does your UK Next Day Delivery service work?', '<p>Lorem ipsum dolor sit amet, consectetur adipiscing elit. Tecum optime, deinde etiam cum mediocri amico. Quis non odit sordidos, vanos, leves, futtiles? Maximas vero virtutes iacere omnis necesse est voluptate dominante. Si id dicis, vicimus. Tum ille: Ain tandem? Eaedem res maneant alio modo. </p>\n\n<p>Ego quoque, inquit, didicerim libentius si quid attuleris, quam te reprehenderim. Dicimus aliquem hilare vivere; Quae cum essent dicta, finem fecimus et ambulandi et disputandi. Iam illud quale tandem est, bona praeterita non effluere sapienti, mala meminisse non oportere? Si autem id non concedatur, non continuo vita beata tollitur. Ille enim occurrentia nescio quae comminiscebatur; </p>\n\n<p>Duo Reges: constructio interrete. Virtutibus igitur rectissime mihi videris et ad consuetudinem nostrae orationis vitia posuisse contraria. Luxuriam non reprehendit, modo sit vacua infinita cupiditate et timore. Nonne videmus quanta perturbatio rerum omnium consequatur, quanta confusio? Nam si +omnino nos+ neglegemus, in Aristonea vitia incidemus et peccata obliviscemurque quae virtuti ipsi principia dederimus; In qua quid est boni praeter summam voluptatem, et eam sempiternam? Nihil acciderat ei, quod nollet, nisi quod anulum, quo delectabatur, in mari abiecerat. In his igitur partibus duabus nihil erat, quod Zeno commutare gestiret. Non igitur bene. Nam quid possumus facere melius? </p>\n\n<p>Mihi enim satis est, ipsis non satis. Nihil ad rem! Ne sit sane; Videamus animi partes, quarum est conspectus illustrior; Scisse enim te quis coarguere possit? Audio equidem philosophi vocem, Epicure, sed quid tibi dicendum sit oblitus es. Quae hic rei publicae vulnera inponebat, eadem ille sanabat. </p>\n\n', 'XjyQUXRq9Y@gmail.com', 'amGPipRlC3', 2, '2018-05-10 21:07:11', NULL),
(25, 6, 'How does your Next Day Delivery service work?', '<p>Lorem ipsum dolor sit amet, consectetur adipiscing elit. Nam quibus rebus efficiuntur voluptates, eae non sunt in potestate sapientis. Quis suae urbis conservatorem Codrum, quis Erechthei filias non maxime laudat? Tu autem, si tibi illa probabantur, cur non propriis verbis ea tenebas? Cur ipse Pythagoras et Aegyptum lustravit et Persarum magos adiit? Quo plebiscito decreta a senatu est consuli quaestio Cn. Duo Reges: constructio interrete. Hoc loco tenere se Triarius non potuit. Miserum hominem! Si dolor summum malum est, dici aliter non potest. Cum ageremus, inquit, vitae beatum et eundem supremum diem, scribebamus haec. Respondent extrema primis, media utrisque, omnia omnibus. </p>\n\n<p>Legimus tamen Diogenem, Antipatrum, Mnesarchum, Panaetium, multos alios in primisque familiarem nostrum Posidonium. Illud mihi a te nimium festinanter dictum videtur, sapientis omnis esse semper beatos; Idcirco enim non desideraret, quia, quod dolore caret, id in voluptate est. Qui autem esse poteris, nisi te amor ipse ceperit? Negat esse eam, inquit, propter se expetendam. Alterum significari idem, ut si diceretur, officia media omnia aut pleraque servantem vivere. Verum hoc idem saepe faciamus. Sedulo, inquam, faciam. </p>\n\n<p>Ita multo sanguine profuso in laetitia et in victoria est mortuus. Diodorus, eius auditor, adiungit ad honestatem vacuitatem doloris. Nos vero, inquit ille; Utinam quidem dicerent alium alio beatiorem! Iam ruinas videres. Sed haec ab Antiocho, familiari nostro, dicuntur multo melius et fortius, quam a Stasea dicebantur. Hoc ne statuam quidem dicturam pater aiebat, si loqui posset. Atque haec coniunctio confusioque virtutum tamen a philosophis ratione quadam distinguitur. Dic in quovis conventu te omnia facere, ne doleas. </p>\n\n<p>Quaero igitur, quo modo hae tantae commendationes a natura profectae subito a sapientia relictae sint. Quo modo autem optimum, si bonum praeterea nullum est? Tria genera cupiditatum, naturales et necessariae, naturales et non necessariae, nec naturales nec necessariae. Hoc enim identidem dicitis, non intellegere nos quam dicatis voluptatem. Ab his oratores, ab his imperatores ac rerum publicarum principes extiterunt. Ut proverbia non nulla veriora sint quam vestra dogmata. Bona autem corporis huic sunt, quod posterius posui, similiora. Quid autem habent admirationis, cum prope accesseris? Si enim, ut mihi quidem videtur, non explet bona naturae voluptas, iure praetermissa est; Dic in quovis conventu te omnia facere, ne doleas. Teneo, inquit, finem illi videri nihil dolere. </p>\n\n', '31TAQtp1bD@gmail.com', 'dLpYXbokWy', 2, '2018-05-10 21:07:11', NULL),
(26, 6, 'When will my order arrive?', '<p>Lorem ipsum dolor sit amet, consectetur adipiscing elit. Nobis aliter videtur, recte secusne, postea; Rapior illuc, revocat autem Antiochus, nec est praeterea, quem audiamus. Quid turpius quam sapientis vitam ex insipientium sermone pendere? Et hercule-fatendum est enim, quod sentio -mirabilis est apud illos contextus rerum. Esse enim quam vellet iniquus iustus poterat inpune. Quid enim mihi potest esse optatius quam cum Catone, omnium virtutum auctore, de virtutibus disputare? </p>\n\n<p>Ut in geometria, prima si dederis, danda sunt omnia. Quid de Pythagora? Quod quidem iam fit etiam in Academia. Si enim ita est, vide ne facinus facias, cum mori suadeas. At enim, qua in vita est aliquid mali, ea beata esse non potest. </p>\n\n<p>Duo Reges: constructio interrete. Roges enim Aristonem, bonane ei videantur haec: vacuitas doloris, divitiae, valitudo; Quaerimus enim finem bonorum. Cuius quidem, quoniam Stoicus fuit, sententia condemnata mihi videtur esse inanitas ista verborum. Dicet pro me ipsa virtus nec dubitabit isti vestro beato M. Inscite autem medicinae et gubernationis ultimum cum ultimo sapientiae comparatur. </p>\n\n<p>Mihi quidem Antiochum, quem audis, satis belle videris attendere. Quid ergo attinet gloriose loqui, nisi constanter loquare? Sapientem locupletat ipsa natura, cuius divitias Epicurus parabiles esse docuit. Innumerabilia dici possunt in hanc sententiam, sed non necesse est. Prodest, inquit, mihi eo esse animo. Non enim, si omnia non sequebatur, idcirco non erat ortus illinc. </p>\n\n', 'KTYtsopGCd@gmail.com', '70IYwir1eo', 2, '2018-05-10 21:07:11', NULL);
INSERT INTO `questions` (`id`, `category_id`, `question`, `answer`, `user_email`, `user_name`, `status_id`, `created_at`, `updated_at`) VALUES
(27, 6, 'When will my order ship?', '<p>Lorem ipsum dolor sit amet, consectetur adipiscing elit. Dolor ergo, id est summum malum, metuetur semper, etiamsi non aderit; Solum praeterea formosum, solum liberum, solum civem, stultost; Tu autem negas fortem esse quemquam posse, qui dolorem malum putet. Nam et complectitur verbis, quod vult, et dicit plane, quod intellegam; Ab his oratores, ab his imperatores ac rerum publicarum principes extiterunt. Duo Reges: constructio interrete. Illi enim inter se dissentiunt. </p>\n\n<p>Quae iam oratio non a philosopho aliquo, sed a censore opprimenda est. Expressa vero in iis aetatibus, quae iam confirmatae sunt. Hic ambiguo ludimur. Duarum enim vitarum nobis erunt instituta capienda. Sine ea igitur iucunde negat posse se vivere? Certe nihil nisi quod possit ipsum propter se iure laudari. </p>\n\n<p>Audax negotium, dicerem impudens, nisi hoc institutum postea translatum ad philosophos nostros esset. Ut proverbia non nulla veriora sint quam vestra dogmata. At tu eadem ista dic in iudicio aut, si coronam times, dic in senatu. Quis negat? Causa autem fuit huc veniendi ut quosdam hinc libros promerem. Itaque haec cum illis est dissensio, cum Peripateticis nulla sane. Quae cum dixisset, finem ille. Expressa vero in iis aetatibus, quae iam confirmatae sunt. Hoc ille tuus non vult omnibusque ex rebus voluptatem quasi mercedem exigit. Bona autem corporis huic sunt, quod posterius posui, similiora. Nunc omni virtuti vitium contrario nomine opponitur. </p>\n\n<p>Non quam nostram quidem, inquit Pomponius iocans; Sed eum qui audiebant, quoad poterant, defendebant sententiam suam. Atque haec coniunctio confusioque virtutum tamen a philosophis ratione quadam distinguitur. Ex ea difficultate illae fallaciloquae, ut ait Accius, malitiae natae sunt. Ita relinquet duas, de quibus etiam atque etiam consideret. Nam cui proposito sit conservatio sui, necesse est huic partes quoque sui caras suo genere laudabiles. </p>\n\n', 'ZcPYso2rSE@gmail.com', 'y9XotSlb5C', 2, '2018-05-10 21:07:11', NULL),
(28, 5, 'Сколько стоит кошка?', 'werwere', 'romikon164@gmail.com', 'Роман', 2, '2018-05-10 09:51:37', '2018-05-10 16:59:46'),
(29, 4, 'Когда большой взрыв станет большим сжатием?', NULL, 'oleg@gmail.com', 'Олег', 1, '2018-05-10 09:57:42', '2018-05-10 09:57:42'),
(31, 1, 'wrwrwerw23r', 'werwerwerwe', '23e@fwef3ed.cor', '2e2d23e', 3, '2018-05-10 17:00:35', '2018-05-10 17:04:11');

-- --------------------------------------------------------

--
-- Структура таблицы `question_statuses`
--

CREATE TABLE `question_statuses` (
  `id` int(10) UNSIGNED NOT NULL,
  `name` varchar(255) COLLATE utf8_general_ci NOT NULL,
  `created_at` timestamp NULL DEFAULT NULL,
  `updated_at` timestamp NULL DEFAULT NULL
) ENGINE=InnoDB DEFAULT CHARSET=utf8 COLLATE=utf8_general_ci;

--
-- Дамп данных таблицы `question_statuses`
--

INSERT INTO `question_statuses` (`id`, `name`, `created_at`, `updated_at`) VALUES
(1, 'Ожидает ответа', NULL, NULL),
(2, 'Опубликован', NULL, NULL),
(3, 'Скрыт', NULL, NULL);

-- --------------------------------------------------------

--
-- Структура таблицы `users`
--

CREATE TABLE `users` (
  `id` int(10) UNSIGNED NOT NULL,
  `name` varchar(255) COLLATE utf8_general_ci NOT NULL,
  `email` varchar(255) COLLATE utf8_general_ci NOT NULL,
  `password` varchar(255) COLLATE utf8_general_ci NOT NULL,
  `remember_token` varchar(100) COLLATE utf8_general_ci DEFAULT NULL,
  `created_at` timestamp NULL DEFAULT NULL,
  `updated_at` timestamp NULL DEFAULT NULL
) ENGINE=InnoDB DEFAULT CHARSET=utf8 COLLATE=utf8_general_ci;

--
-- Дамп данных таблицы `users`
--

INSERT INTO `users` (`id`, `name`, `email`, `password`, `remember_token`, `created_at`, `updated_at`) VALUES
(1, 'admin', 'admin@gmail.com', '$2y$10$yE3slPMo7FGKsPx81fNDDu00rmTopaJ0e2xKIqnTdvhz6k7/vj.5O', 'ARrQ4BVnUeDurtNMNJYHmSDMmS3AossR9s7cmECAy7rVF6faQmghnIvxEu5E', NULL, '2018-05-10 16:06:32');

--
-- Индексы сохранённых таблиц
--

--
-- Индексы таблицы `categories`
--
ALTER TABLE `categories`
  ADD PRIMARY KEY (`id`),
  ADD KEY `categories_active_index` (`active`);

--
-- Индексы таблицы `migrations`
--
ALTER TABLE `migrations`
  ADD PRIMARY KEY (`id`);

--
-- Индексы таблицы `password_resets`
--
ALTER TABLE `password_resets`
  ADD KEY `password_resets_email_index` (`email`);

--
-- Индексы таблицы `questions`
--
ALTER TABLE `questions`
  ADD PRIMARY KEY (`id`),
  ADD KEY `questions_category_id_index` (`category_id`),
  ADD KEY `questions_user_email_index` (`user_email`),
  ADD KEY `questions_user_name_index` (`user_name`),
  ADD KEY `questions_status_id_index` (`status_id`);

--
-- Индексы таблицы `question_statuses`
--
ALTER TABLE `question_statuses`
  ADD PRIMARY KEY (`id`);

--
-- Индексы таблицы `users`
--
ALTER TABLE `users`
  ADD PRIMARY KEY (`id`),
  ADD UNIQUE KEY `users_email_unique` (`email`);

--
-- AUTO_INCREMENT для сохранённых таблиц
--

--
-- AUTO_INCREMENT для таблицы `categories`
--
ALTER TABLE `categories`
  MODIFY `id` int(10) UNSIGNED NOT NULL AUTO_INCREMENT, AUTO_INCREMENT=10;

--
-- AUTO_INCREMENT для таблицы `migrations`
--
ALTER TABLE `migrations`
  MODIFY `id` int(10) UNSIGNED NOT NULL AUTO_INCREMENT, AUTO_INCREMENT=6;

--
-- AUTO_INCREMENT для таблицы `questions`
--
ALTER TABLE `questions`
  MODIFY `id` int(10) UNSIGNED NOT NULL AUTO_INCREMENT, AUTO_INCREMENT=32;

--
-- AUTO_INCREMENT для таблицы `question_statuses`
--
ALTER TABLE `question_statuses`
  MODIFY `id` int(10) UNSIGNED NOT NULL AUTO_INCREMENT, AUTO_INCREMENT=4;

--
-- AUTO_INCREMENT для таблицы `users`
--
ALTER TABLE `users`
  MODIFY `id` int(10) UNSIGNED NOT NULL AUTO_INCREMENT, AUTO_INCREMENT=7;

--
-- Ограничения внешнего ключа сохраненных таблиц
--

--
-- Ограничения внешнего ключа таблицы `questions`
--
ALTER TABLE `questions`
  ADD CONSTRAINT `questions_category_id_foreign` FOREIGN KEY (`category_id`) REFERENCES `categories` (`id`) ON DELETE CASCADE ON UPDATE CASCADE,
  ADD CONSTRAINT `questions_status_id_foreign` FOREIGN KEY (`status_id`) REFERENCES `question_statuses` (`id`) ON DELETE CASCADE ON UPDATE CASCADE;
COMMIT;

/*!40101 SET CHARACTER_SET_CLIENT=@OLD_CHARACTER_SET_CLIENT */;
/*!40101 SET CHARACTER_SET_RESULTS=@OLD_CHARACTER_SET_RESULTS */;
/*!40101 SET COLLATION_CONNECTION=@OLD_COLLATION_CONNECTION */;
